test,color,x,y,yaw,noise,detected_correctly,position_error_cm,angle_error_deg,pick_place_success,correct_refusal,reason
physics_1,BLUE,0.5,0.03,0,0,True,0.08967813153578767,0.0,True,False,DONE
physics_2,RED,0.4,0.15,30,0.03,True,0.2930212895751435,0.25511870305777506,True,False,DONE
physics_3,GREEN,0.63,0.14,-35,0.08,True,0.28478486211050197,0.5376948230937444,True,False,DONE
physics_4,BLUE,0.43,-0.06,-60,0.03,True,0.1684276783430717,0.9637949144019728,True,False,DONE
physics_5,RED,0.53,0.13,75,0.08,True,0.17729935717223144,0.37909040785322645,True,False,DONE
physics_6,GREEN,0.61,0.07,-15,0,True,0.13831597083504996,0.0685735376357286,True,False,DONE
physics_7,BLUE,0.55,-0.06,45,0.08,True,0.026023074132537374,0.0,True,False,DONE
physics_8,RED,0.38,0.18,-80,0,True,0.31648871618088464,0.5376702875604735,True,False,DONE
physics_9,GREEN,0.67,0.18,80,0.03,True,0.3304135650410348,0.21760065065404888,True,False,DONE
physics_10,BLUE,0.66,-0.07,45,0.03,True,0.17126159404580107,0.0,True,False,DONE
missing_target,YELLOW,,,,0.03,True,,,False,True,REJECTED: no valid YELLOW target
outside_workspace,RED,0.79,0.2,15,0,True,,,False,True,Outside validated test workspace
unreachable_ik,,2,0,0,0,,,,False,True,IK far-pose rejection
